,旅店名稱,鄰近地區,旅客評分,旅客評鑑數目,旅店當天價格
0,和苑三井花園飯店 台北忠孝 ,大安區,9.1,2731.0,2788
1,美亞商旅 ,中正區,8.4,6257.0,2700
2,薆悅酒店野柳渡假館 ,萬里區,8.4,4642.0,2568
3,寒舍艾麗酒店 ,信義區,8.9,3854.0,6576
4,OwlStay 故事所 山中夢遊 ,九份,8.9,1212.0,1704
5,德立莊酒店 ,西門町,8.1,27229.0,2338
6,九份九重町民宿 ,九份,8.4,3178.0,2933
7,怡品商旅 ,大安區,8.7,8069.0,2634
8,麗之湯溫泉會館 ,北投區,7.7,1892.0,2221
9,國聯大飯店 ,大安區,8.2,10798.0,2187
10,雅堤旅居 ,新店區,7.3,665.0,1667
11,台北天成大飯店 ,中正區,8.4,10811.0,2663
12,南港老爺行旅 ,南港區,8.9,1983.0,3273
13,北投春天溫泉酒店 ,北投區,7.7,2398.0,4519
14,白色教堂2-7人房,中正區,6.0,3.0,1146
15,台北凱達大飯店 ,萬華區,8.6,18998.0,1905
16,歐悅國際連鎖精品旅館-林口館 ,林口區,8.2,3328.0,2101
17,富驛時尚酒店 - 台北南京東路館 ,中山區,8.2,7202.0,1745
18,陽明山家新溫泉和升會館 ,金山區,8.3,229.0,4312
19,台北西華飯店 ,松山區,8.7,5714.0,6717
20,台北北門世民酒店 ,西門町,8.8,12968.0,2000
21,水旅宿輕旅,淡水區,10.0,2.0,1667
22,仲信商務會館 ,新店區,7.2,1161.0,1650
23,F Hotel 台北蘆洲館 ,蘆洲區,8.7,1454.0,1675
24,101景觀2-7人房,中正區,10.0,1.0,1321
25,阿樹國際旅店 ,松山區,8.8,4443.0,2771
26,JR東日本大飯店 台北 ,中山區,9.1,266.0,5714
27,大安區公寓套房 - 42平方公尺,大安區,9.3,4.0,3174
28,白宮行館沙灘溫泉渡假村 ,萬里區,8.2,1171.0,5206
29,洛碁大飯店建北館 ,中山區,8.3,4322.0,1449
30,大安區公寓套房 - 42平方公尺,大安區,9.4,7.0,2625
31,台北美侖大飯店 ,大安區,8.5,11464.0,2766
32,洛碁大飯店南京館 ,中山區,8.8,6189.0,1557
33,文山區的1臥室公寓 - 20平方公尺,文山區,9.4,19.0,874
34,金普頓大安酒店 ,大安區,9.2,1513.0,4183
35,台北老爺大酒店 ,中山區,8.8,2709.0,3030
36,戀人旅居,淡水區,9.6,48.0,2000
37,台北花園大酒店 ,中正區,8.4,6239.0,3333
38,洛碁大飯店南港館 ,南港區,8.6,5410.0,1920
39,西門町公寓套房 - 35平方公尺,西門町,7.4,4.0,2682
40,洛碁大飯店松山館 ,南港區,8.6,3995.0,1748
41,老爺會館台北南西 - 捷運中山站 ,中山區,8.5,4262.0,2203
42,薇閣精品旅館 - 大直旗艦館 ,中山區,8.3,3055.0,2429
43,神旺大飯店 ,大安區,8.1,1454.0,2511
44,富信大飯店 - 台北旗艦館 ,汐止區,8.5,3300.0,3186
45,H&九份山經海景民宿 ,九份,8.2,752.0,2030
46,山樂溫泉 ,北投區,7.5,3797.0,1898
47,新驛旅店台北車站二館 ,中正區,8.8,3996.0,2100
48,台北東旅 ,松山區,8.7,3468.0,2266
49,北投輕行旅 ,北投區,8.4,4801.0,1810
50,大埔硫磺溫泉商旅 ,萬里區,8.5,1378.0,2424
51,洛碁大飯店山水閣 ,中山區,8.1,2260.0,1410
52,新驛旅店台北車站一館  ,中正區,8.6,2659.0,1787
53,樂頤飯店-蘆洲台北 ,蘆洲區,8.8,2740.0,1857
54,西門日記旅店 ,西門町,8.1,4033.0,1778
55,西門日記 - 六福館 ,西門町,7.8,4117.0,983
56,丹迪旅店 - 天母店 ,士林區,8.9,3708.0,2790
57,柯達大飯店 - 台北長安 ,中山區,9.0,1879.0,2244
58,家賓旅店 ,文山區,8.2,1239.0,1195
59,帥客旅店 ,中正區,7.8,3103.0,1589
60,碧潭飯店 ,新店區,7.5,2674.0,1473
61,新驛旅店西門捷運店 ,西門町,8.8,7064.0,1667
62,首都大飯店松山館 ,松山區,8.2,5493.0,2630
63,蒲園飯店 ,松山區,8.7,1688.0,2284
64,丰居旅店-忠孝館 ,大安區,8.4,2258.0,2206
65,艾爾行旅 ,大安區,8.5,1643.0,1885
66,你好咖啡旅店 ,大安區,8.8,1790.0,1784
67,品川商旅 ,板橋區,8.0,4007.0,1570
68,悠逸商旅 - 台北士林館 ,士林區,8.8,3987.0,1922
69,喜瑞飯店 ,中山區,8.7,5132.0,2712
70,成旅晶贊飯店 - 台北蘆洲  ,蘆洲區,8.8,6559.0,1999
71,凡登台北商務旅店 ,大安區,7.7,6267.0,1834
72,陽明山天籟度假酒店 ,金山區,8.0,3626.0,8182
73,林口亞昕福朋喜來登酒店 ,林口區,8.7,371.0,3800
74,華山文旅 ,中正區,8.1,2105.0,1891
75,旅樂序精品旅館站前一館 ,中正區,8.4,3410.0,1823
76,York Hotel ,中正區,8.2,5043.0,1788
77,城市商旅 - 北門館 ,大同區,8.4,2471.0,1730
78,太平洋商旅 ,信義區,8.4,3789.0,2767
79,漁人碼頭休閒旅館 ,淡水區,8.2,1908.0,1714
80,台北北城大飯店 ,中山區,7.9,557.0,1498
81,富裕自由商旅 - 忠孝館 ,大安區,8.1,7135.0,3179
82,台糖台北會館 ,西門町,8.1,2007.0,2656
83,國王大飯店 ,中山區,7.7,596.0,1247
84,美麗殿商旅-板橋館 ,板橋區,8.0,6010.0,1548
85,漫映旅舍 ,中山區,8.5,336.0,1360
86,群策翡翠灣溫泉飯店 ,萬里區,8.5,829.0,3101
87,悠趣旅店 ,松山區,8.6,4064.0,2143
88,台北喜來登大飯店 ,中正區,8.4,1343.0,4000
89,大板根森林溫泉酒店 ,三峽區,8.4,2235.0,7775
90,台北西門町意舍 ,西門町,8.6,5277.0,1350
91,情人溫泉民宿 ,烏來區,8.9,208.0,1993
92,香奈爾精品汽車旅館-新莊館 ,新莊區,8.5,2569.0,1455
93,挪威森林頂級Villa汽車旅館 ,板橋區,8.0,884.0,1841
94,西門航棧商旅 ,西門町,8.5,2166.0,1405
95,囍閱文旅 ,西門町,8.8,1162.0,1593
96,路境行旅 ,中正區,8.7,9224.0,1809
97,米尼旅店 ,中正區,8.9,5019.0,1203
98,泊客青旅,中正區,7.3,844.0,630
99,印石時尚旅館 ,文山區,7.9,293.0,2455
100,帝景飯店 ,新店區,7.8,2302.0,1850
101,文舺行旅 ,萬華區,8.8,962.0,1901
102,Wa Hotel,中山區,9.1,36.0,1029
103,安盛商務旅館 ,新店區,8.7,599.0,1971
104,葛瑞絲商旅 ,中和區,8.8,3248.0,1722
105,思泊客台北101 ,信義區,8.3,1632.0,2963
106,雅璞文旅 ,中正區,8.8,561.0,1395
107,茄子青旅 ,松山區,8.4,4674.0,978
108,方舟旅店 - 長安復興館 ,中山區,8.3,4369.0,2445
109,士林讚 ,士林區,7.8,1179.0,1558
110,正點商務旅店 ,板橋區,7.7,1204.0,1532
111,和昌商旅・淡水館 ,淡水區,7.5,1605.0,1130
112,天母貴族商務旅館 ,士林區,7.9,1206.0,1392
113,長春商務旅館 ,松山區,7.7,499.0,1855
114,詩漫精品旅館 - 站前館 ,中正區,8.3,5950.0,1299
115,歐遊國際連鎖精品旅館 - 新莊館 ,新莊區,8.3,1844.0,2317
116,大安公園旅店 ,中正區,8.3,3863.0,922
117,台灣青旅膠囊旅店 ,中正區,9.2,3051.0,1247
118,葳皇時尚飯店 ,大同區,8.3,3293.0,1699
119,福爾摩莎101青年旅館 ,信義區,8.5,2719.0,1221
120,沃客商旅正義館 ,三重區,7.3,4622.0,1105
121,睡覺盒子青年旅館 ,中正區,7.7,5557.0,585
122,沃客商旅成功館 ,三重區,7.9,2750.0,1160
123,凡登 東棧商務旅店 ,大安區,8.0,2671.0,1980
124,慕居行旅 ,信義區,8.7,2270.0,2494
125,美麗殿精品旅館 - 中和館 ,中和區,8.2,1150.0,2250
126,基河青旅 ,士林區,8.4,388.0,1472
127,柯達大飯店台北敦南 ,大安區,8.4,1888.0,2182
128,沐蘭精品旅館 - 台北館 ,中山區,7.7,1474.0,2525
129,挪威森林精品SPA汽車旅館 ,新店區,7.9,1044.0,2060
130,天方夜譚 ,九份,8.3,629.0,1558
131,絹絲谷 ,士林區,8.6,273.0,5377
132,麗都飯店 ,大安區,8.5,1936.0,2103
133,薇閣精品旅館 林森館 ,中山區,8.3,763.0,3636
134,沃客汽車旅館 ,北投區,8.0,3527.0,2204
135,台北清翼居旅店 ,板橋區,8.2,2358.0,1445
136,雅歌會館 ,淡水區,7.9,596.0,1726
137,天津大飯店 ,中山區,7.7,227.0,857
138,西悠飯店 ,大同區,8.5,4144.0,725
139,士林公寓 ,士林區,7.7,1577.0,1598
140,儷閣別墅旅館 ,中和區,8.0,831.0,1653
141,西門好好玩 ,西門町,7.7,11046.0,971
142,真的好晶漾會館 ,新莊區,7.6,777.0,1302
143,美代溫泉飯店  ,北投區,8.2,36.0,3257
144,南陽街壹號旅店 ,中正區,8.6,6043.0,1241
145,府中棧精品商旅 ,板橋區,8.0,1229.0,1925
146,台北圓環棧 ,中正區,8.4,1311.0,900
147,台北北門窩泊旅 ,中正區,8.5,4553.0,935
148,台北天晴青年旅店 ,中正區,9.4,2253.0,2065
149,內江商旅 ,西門町,7.9,2524.0,1682
150,泊居旅店二館 ,中山區,8.1,356.0,1525
151,甲山林湯旅 ,中山區,8.5,791.0,3876
152,友統大飯店 ,大安區,8.1,710.0,1411
153,城市商旅 - 南東館防疫旅館 ,松山區,8.3,4092.0,3821
154,愛行旅 ,中山區,8.4,1443.0,1038
155,HATAGO+ THE ALLEY,西門町,8.8,803.0,1232
156,仙渡莊旅社 ,北投區,8.1,200.0,1071
157,金帥飯店 ,西門町,7.1,3601.0,942
158,烏來驛站 ,烏來區,7.1,566.0,2198
159,東門旅店 ,中正區,8.1,1537.0,1703
160,峻美精品商旅 ,中山區,7.8,700.0,1247
161,柯達大飯店台北一店 ,中山區,8.5,1287.0,4204
162,正旅館 - 信義館 ,信義區,8.7,2737.0,2061
163,寧夏2號旅店 ,大同區,8.6,2109.0,1621
164,WORK INN 北車館 ,中正區,8.3,4963.0,999
165,復新文旅 ,中山區,8.0,2086.0,1822
166,吉泰旅店 ,士林區,8.7,320.0,2510
167,密都飯店 ,中山區,7.4,1228.0,1169
168,挪威森林森森休閒旅館 ,淡水區,7.9,1528.0,2077
169,探索汽車旅館 - 中和店 ,中和區,7.9,1954.0,1757
170,品格子旅店北車館 ,中正區,8.1,3663.0,999
171,函舍商務旅店 ,西門町,7.6,1969.0,1169
172,愛玩客旅店-西門町館 ,西門町,8.4,3755.0,1379
173,睡臺北時尚旅店-南雅夜市館 ,板橋區,7.7,2008.0,1315
174,友友飯店 ,中山區,7.7,604.0,1987
175,延三居 ,大同區,7.9,300.0,764
176,皇家玫瑰旅館新生館 ,大安區,8.5,684.0,3055
177,鼎帥溫泉旅館 ,金山區,8.1,448.0,2470
178,東龍大飯店 ,西門町,7.8,2350.0,3109
179,幸福圓點 ,淡水區,9.2,540.0,1732
180,單人房住宿空間 台北館 ,板橋區,8.5,6505.0,1112
181,富裕自由旅店 - 林森館 ,中山區,8.1,2207.0,1339
182,綠映旅舍 ,三重區,7.8,167.0,1224
183,白沙啾啾 ,石門區,8.5,324.0,2571
184,伊倫商務旅館 ,中山區,7.2,632.0,1473
185,香城大飯店松山店 ,松山區,7.7,771.0,1607
186,玫瑰精品旅館雙城館 ,中山區,8.5,1044.0,2999
187,仲信大湖商旅 ,內湖區,7.9,1092.0,1818
188,樂玩旅 ,士林區,8.7,564.0,1558
189,富裕自由旅店 - 三重正義館 ,三重區,7.7,701.0,1846
190,帝苑時尚旅店 ,板橋區,7.9,2689.0,1384
191,香城豪悅大飯店 ,中山區,7.9,895.0,1427
192,私客創旅  ,鶯歌區,8.7,298.0,2667
193,旅晨行旅 ,中正區,8.2,2021.0,1087
194,千彩格精品旅店 ,中山區,8.2,1595.0,1210
195,warehouse no.5,西門町,7.2,2.0,1611
196,旅城驛鎮 ,中山區,9.7,30.0,2363
197,馥俐商旅二館 ,板橋區,7.7,800.0,1554
198,五月家國際青年旅舍 ,南港區,8.3,1019.0,1255
199,瘋台北青旅 ,西門町,8.0,1151.0,599
200,山水妍溫泉會館 ,烏來區,7.3,1828.0,4435
201,首府旅館 ,板橋區,7.9,984.0,1397
202,富康精采旅店 ,板橋區,8.1,778.0,1808
203,百麗旅店 ,板橋區,7.6,1329.0,2088
204,清翼居采風館 ,中正區,8.5,4196.0,2345
205,艾蔓精緻旅館 - 土城館 ,土城區,7.7,248.0,2338
206,台北薇米商旅 ,三重區,7.4,1186.0,1468
207,東皇渡假旅店 ,北投區,6.9,565.0,1466
208,黑熊好眠站旅館 - 台北橋站 ,三重區,8.8,6710.0,523
209,日野苑 ,中正區,10.0,4.0,1563
210,甄美精品商旅 ,中山區,7.9,1427.0,1358
211,客來思樂 ,大安區,7.6,211.0,1500
212,碩美精品旅店 ,中山區,8.4,1066.0,1539
213,雀爾喜精品旅館 ,大同區,7.5,2826.0,1623
214,北國之春 ,鶯歌區,7.8,63.0,1801
215,好得文旅 ,中山區,9.0,989.0,3058
216,陽明溫泉渡假村 ,士林區,8.2,542.0,5299
217,悅池精品旅館 ,中和區,7.6,312.0,3531
218,豪爵大飯店台北館 ,中山區,7.8,639.0,1732
219,台北蘆洲集賢商旅 ,蘆洲區,8.0,1218.0,1367
220,儷夏商旅 - 西門町西寧館 ,西門町,8.4,1210.0,1126
221,台北發現青旅 ,中山區,9.0,1609.0,1169
222,九份多桑的店民宿 ,九份,8.9,992.0,1398
223,九份山旅 ,九份,7.8,2132.0,962
224,儷夏商旅 - 西門捷運館 ,西門町,8.5,1512.0,1299
225,錦棧旅店 ,中山區,8.4,1533.0,2133
226,新莊幸福讚精品飯店 ,新莊區,8.5,1663.0,1546
227,采舍精品旅館 ,中山區,8.3,571.0,1363
228,金瓜石101民宿 ,九份,9.2,441.0,2338
229,文林居 ,士林區,7.6,146.0,1616
230,台北旅坊 ,中山區,8.6,108.0,1766
231,幸福蘋果旅店 ,西門町,8.7,23.0,2147
232,玫瑰山城 ,九份,8.5,411.0,2906
233,T.O.Hotel-北車館 ,中正區,8.9,1074.0,2104
234,皇家玫瑰旅館林森館 ,中山區,8.1,628.0,2648
235,日光拾玖 ,中正區,8.9,2539.0,3189
236,西門大可居青年旅館 ,萬華區,7.8,4779.0,1103
237,紫園旅店 ,大同區,7.9,1011.0,1385
238,M Bar House,九份,8.9,671.0,1541
239,卡夫人背包客棧 台北車站青年館 ,中正區,8.6,2251.0,952
240,旅莊Urhome ,中山區,8.2,441.0,2061
241,喬合大飯店 ,大安區,7.8,1350.0,994
242,橋頭居 ,大同區,8.6,87.0,1087
243,火車頭民宿 ,淡水區,9.1,213.0,1558
244,金色年代旅店 ,板橋區,7.8,1640.0,1455
245,璞石麗緻溫泉會館 ,烏來區,8.1,1320.0,6762
246,魚旅背包客棧 ,鶯歌區,9.0,132.0,1558
247,尚印2館 ,中山區,8.5,86.0,2196
248,慶爾喜旅館長沙館 ,西門町,7.3,1537.0,711
249,台北金莎旗艦精品旅館 ,三峽區,7.7,188.0,2430
250,台北109青旅 ,中正區,9.0,921.0,1839
251,晶城青年旅館 ,大同區,8.1,4241.0,651
252,Dan hostel,西門町,9.0,1499.0,2597
253,天使青旅 台北西門 ,中正區,8.0,3730.0,935
254,少爺時尚旅館 ,汐止區,7.7,252.0,1818
255,摩莎曼拉精品旅館 - 台北車站館 ,中正區,8.2,7359.0,909
256,璞邸城市膠囊旅店 ,中正區,8.9,5931.0,1176
257,久居棧旅店 ,大同區,8.2,2039.0,1208
258,璞漣商旅 - 台北車站店 ,中正區,8.1,2761.0,2594
259,皇后旅店2館 ,大同區,8.2,2357.0,1455
260,森浩文旅-STEP INN ,松山區,7.4,13.0,1455
261,雨天晴民宿 ,九份,8.0,654.0,1645
262,一等好旅店 ,松山區,7.9,298.0,1299
263,溪隱之宿 ,平溪區,8.6,13.0,2165
264,九份金瓜石樹屋137 ,九份,9.4,65.0,4329
265,艾特文旅西門町 ,西門町,8.6,2091.0,1177
266,淡水愛遛遛民宿 ,淡水區,9.3,367.0,1565
267,紅菱閣旅店 ,西門町,8.2,850.0,1108
268,九窩 - 九份膠囊旅店 ,九份,9.2,758.0,2494
269,溪隱之宿 ,平溪區,8.5,309.0,2120
270,烏來輕井澤溫泉旅館 ,烏來區,7.5,103.0,3359
271,品格子旅店 - 西門館 ,西門町,7.8,2976.0,998
272,途中台北國際青年旅舍 ,北投區,8.9,1785.0,1212
273,友徠精品旅館 ,南港區,7.0,359.0,2147
274,宜家商旅 ,內湖區,8.4,3138.0,2014
275,九份閒情民宿 ,九份,8.9,457.0,2182
276,神隱國度 ,九份,9.0,511.0,1602
277,琚九屋 ,九份,8.7,392.0,1261
278,雅都旅社   ,板橋區,5.8,248.0,1109
279,九份貓窩 ,九份,9.1,997.0,1432
280,貝斯特旅店 ,松山區,7.6,667.0,1039
281,東驛商務旅館 ,西門町,7.7,2730.0,1617
282,愛客發時尚旅館 - 萬年館 ,西門町,7.8,8722.0,2165
283,皇品時尚旅店 ,板橋區,7.9,1427.0,1248
284,台北旅人國際青年旅館 ,淡水區,8.9,402.0,1097
285,曲水會館 ,北投區,8.0,3.0,4571
286,意芙旅店 ,大同區,8.3,635.0,1022
287,瑞芳老街-嫚嫚窩民宿 ,瑞芳區,8.8,536.0,1299
288,力歐時尚旅店 - 西門館 ,西門町,7.3,1376.0,1630
289,悅喜商務飯店 ,板橋區,7.7,572.0,1941
290,龍山商旅 ,萬華區,8.1,760.0,1442
291,千慧商務旅館 ,大同區,8.2,632.0,1385
292,明月溫泉 ,烏來區,8.3,2071.0,5228
293,清芳民宿 - 瑞芳車站 ,九份,8.1,1525.0,597
294,Triple Tiger Hostel,西門町,8.5,1227.0,1154
295,愛摩兒時尚旅舘 ,永和區,8.2,121.0,4113
296,三和旅舍  ,三重區,7.6,229.0,823
297,長富時尚旅店 ,中山區,8.5,2498.0,1734
298,怡美賓館 ,金山區,7.0,39.0,1039
299,天馬旅宿 ,九份,9.1,277.0,1942
300,Gugis Inn  ,西門町,7.6,61.0,1003
301,大新商旅 ,中山區,7.7,514.0,1157
302,YMCA台北青年國際旅館 ,中正區,8.3,3322.0,2043
303,EN INN,淡水區,9.0,270.0,1947
304,力歐時尚旅館站前館 ,西門町,7.0,1440.0,1322
305,宰相民宿  ,淡水區,7.7,258.0,1299
306,極品旅館 ,新莊區,6.0,253.0,1109
307,淡築憩水民宿 ,淡水區,8.3,89.0,1195
308,玩客棧Player Hostel,中山區,8.4,1197.0,833
309,T.O. Hotel 承德館 ,大同區,8.2,962.0,1506
310,迪樂商旅,大同區,6.9,723.0,1465
311,和風小築 ,九份,8.8,588.0,1391
312,西門大飯店 - B館 ,西門町,7.9,1071.0,346
313,西門大飯店 - A館 ,西門町,7.9,3459.0,329
314,井上天花 ,九份,9.1,519.0,1039
315,謙匯普樂室行旅 - 世貿信義館 ,信義區,8.0,2150.0,2790
316,泊居旅店 ,中山區,8.0,1929.0,2016
317,淡水民宿-台北yes ,淡水區,8.6,622.0,1558
318,想住就住民宿 ,九份,9.2,35.0,1818
319,101景觀2-7人房,大同區,,,1404
320,利成同志精品旅館 ,松山區,8.2,734.0,1457
321,柔美精品商旅 ,中山區,8.1,1965.0,2276
322,九份緣憶民宿 ,九份,7.3,508.0,1096
323,橙舍青旅 - 台北一館 ,西門町,7.7,1344.0,1063
324,九份望琴海民宿 ,九份,8.2,64.0,2091
325,我們的家187 ,九份,9.0,184.0,2494
326,九份高媽媽民宿 ,九份,9.4,67.0,1301
327,喜園旅店 ,西門町,8.4,20.0,746
328,途中九份國際青年旅舍 ,九份,8.7,1133.0,1716
329,嘉家旅店 ,永和區,7.2,297.0,935
330,四季山妍溫泉會館 ,烏來區,7.4,672.0,3209
331,雪瓈花園汽車旅館  ,土城區,7.3,101.0,1368
332,Place Inn Taipei,中山區,8.6,564.0,1684
333,名爵汽車旅館 ,三重區,8.0,232.0,1524
334,九份晴悅民宿 ,九份,8.5,486.0,1083
335,Happiness Bubble,淡水區,9.7,3.0,2234
336,輕便露民宿 ,九份,8.8,103.0,2320
337,旅行邦尼青年旅店 ,淡水區,8.8,245.0,2338
338,三才靈芝農場民宿 ,石碇區,6.9,41.0,1481
339,甜蜜蜜旅館  ,板橋區,6.1,26.0,1219
340,正 旅館 ,中正區,8.4,4018.0,1360
341,Cama,文山區,9.2,4.0,1320
342,利未莊園民宿 ,九份,8.5,149.0,2857
343,BlackRock Fashion Apartments,淡水區,6.0,36.0,685
344,忠孝敦化民宿 ,大安區,7.1,133.0,1589
345,慕朵微風汽車旅館 ,樹林區,7.9,73.0,1714
346,富粧商務旅店 ,西門町,7.5,796.0,1313
347,金弘旅店 ,大同區,7.6,752.0,1164
348,九份愛琴海民宿 ,九份,8.4,340.0,1558
349,趣西門旅店 ,西門町,8.0,32.0,1732
350,路徒Plus行旅-站前館,中正區,9.1,84.0,3958
351,肯特商務飯店 ,三重區,7.8,413.0,1465
352,Goodscompany,西門町,7.6,373.0,1131
353,花宅伍㭍民宿 ,九份,8.4,62.0,1801
354,古山園旅社 ,萬華區,7.6,330.0,1039
355,豪贊旅店 ,西門町,7.8,589.0,1732
356,106民宿 ,瑞芳區,9.1,140.0,1357
357,美好時光民宿 ,九份,8.5,93.0,3577
358,小王子甜蜜會館 ,西門町,7.5,131.0,1565
359,美術行館民宿 ,三芝區,8.1,113.0,1732
360,金色年代 ,板橋區,8.0,40.0,1531
361,慶城商旅 ,三重區,7.0,399.0,1195
362,波麗士河堤景觀民宿 ,九份,8.6,362.0,1974
363,九份岑品民宿 ,九份,9.0,433.0,2167
364,A-HOME,九份,8.4,850.0,1543
365,愛九份民宿  ,九份,7.3,100.0,696
366,平溪皇宫民宿 ,平溪區,8.7,77.0,2165
367,九份柳園民宿 ,九份,8.6,989.0,2286
368,金瓜石藝棧景觀度假別墅 ,九份,8.9,11.0,4974
369,欣欣時尚旅店 - 松山館 ,松山區,7.5,1419.0,1873
370,九份輝明民宿 ,九份,8.1,572.0,779
371,九份施家景觀民宿 ,九份,8.2,159.0,1863
372,大安區公寓套房 - 42平方公尺,大安區,8.9,12.0,2904
373,九份山嶼海親子民宿 ,九份,8.9,32.0,2251
374,享來大飯店,淡水區,6.4,12.0,952
375,酒內民宿 ,汐止區,9.7,147.0,3754
376,九份依棧 ,九份,6.2,45.0,2104
377,玩客棧 ,中山區,,,1687
378,臺北天禾旅店 ,西門町,8.0,7153.0,1918
379,祈堂小巷 ,九份,8.5,130.0,2165
380,雲海雅筑 ,九份,9.0,203.0,1472
381,九份謝叔叔民宿 ,九份,9.0,259.0,1905
382,大安區公寓套房 - 25平方公尺,大安區,8.8,5.0,3834
383,良辰美瑾民宿 ,雙溪,8.8,201.0,2251
384,大安區公寓套房 -  16平方公尺1間專用衛浴 ,大安區,9.7,4.0,3363
385,台北車站的1臥室公寓 - 80平方公尺,中正區,8.0,8.0,4390
386,三芝虹橋民宿 ,三芝區,9.2,262.0,1818
387,位於萬華區的1臥室公寓-62平方米|帶1間專用衛浴 (Ximending 412 Tokyo樓中樓宅,西門町,,,2819
388,水都温泉會館 ,北投區,6.8,1493.0,2936
389,大安區公寓套房 - 22平方公尺,大安區,8.8,3.0,3816
390,九份民宿山城溫度 ,九份,9.0,135.0,2930
391,大安區公寓套房 - 42平方公尺,大安區,6.9,2.0,2484
392,大安區公寓套房 - 42平方公尺,大安區,8.8,2.0,3556
393,望幽谷民宿 ,九份,8.4,172.0,1732
394,雲山水小築 ,九份,9.3,25.0,2350
395,野柳海洋之家 ,萬里區,9.3,146.0,3048
396,海霞您的家 ,貢寮區,8.8,3.0,2983
397,大安區公寓套房 - 22平方公尺,大安區,9.2,4.0,3363
398,欣欣時尚旅店 - 西門館 ,西門町,7.6,674.0,1253
399,賞星月沐民宿 ,九份,8.2,433.0,1851
400,大安區的3臥室公寓 - 132平方公尺,大安區,7.2,3.0,5999
401,西門町作家居--家大不加價,西門町,10.0,3.0,2752
402,中山區的1臥室公寓 - 15平方公尺,中山區,10.0,1.0,1540
403,九份的1臥室小屋 - 45平方公尺,九份,8.6,5.0,2461
404,九份小喵喵海景民宿 ,九份,,,2775
405,西門町有間書房 - 平價首選 旅行新感覺 ,西門町,9.4,5.0,2752
406,大安區公寓套房 - 25平方公尺,大安區,7.9,4.0,3790
407,大安區公寓套房 - 16平方公尺1間專用衛浴 ,大安區,9.2,2.0,3307
408,松山區的2臥室公寓 - 82平方公尺,松山區,,,3714
409,小鳥敲門 Bird Villa,雙溪,9.4,29.0,3505
410,西門町的1臥室公寓 - 30平方公尺,西門町,,,2678
411,大安區公寓套房 - 16平方公尺1間專用衛浴 ,大安區,,,3214
412,探索汽車旅館 - 南港館 ,南港區,7.0,1653.0,2820
413,金瓜石雲山水小築民宿 ,九份,9.1,99.0,2165
414,九份望琴海景觀民宿 ,九份,,,2424
415,西門町作家居 - 家大不加價 ,西門町,8.9,4.0,2999
416,西門町的1臥室公寓 - 23平方公尺,西門町,,,2678
417,淡水區的1臥室公寓 - 27平方公尺,淡水區,,,2652
418,金山區的5臥室獨棟住宅 - 200平方公尺,金山區,9.2,1.0,5200
419,大安區公寓套房 - 15平方公尺,大安區,,,3271
420,西門町的1臥室公寓 - 23平方公尺,西門町,,,2678
421,Jiufen Little Meow Homestay,九份,,,1818
422,淡水區的1臥室公寓 - 27平方公尺,淡水區,,,2652
423,第一大飯店 ,中山區,7.2,1362.0,1755
424,金山區的5臥室獨棟住宅 - 200平方公尺,金山區,9.2,1.0,5200
425,Lihao Hotel,中山區,,,1865
426,Taipei Breeze Dunhua,大安區,,,4817
427,大安區公寓套房 - 15平方公尺,大安區,,,3271
428,Jiufen Flower House,九份,,,1801
