,旅店名稱,鄰近地區,旅客評分,旅客評鑑數目,旅店當天價格,lat,log
0,兄弟大飯店,松山區,8.7,6614.0,2251,25.0520794,121.5446098
1,薆悅酒店野柳渡假館,萬里區,8.4,4642.0,2568,25.2039939,121.6901112
2,寒舍艾麗酒店,信義區,8.8,4973.0,6572,25.0386933,121.567342
3,和苑三井花園飯店 台北忠孝,大安區,9.1,2731.0,2788,25.0418404,121.5343175
4,九份九重町民宿,九份,8.4,3178.0,2933,25.1090864,121.8455747
5,洛碁大飯店南京館,中山區,8.8,6189.0,1557,25.0519879,121.5366495
6,OwlStay 故事所 山中夢遊,九份,8.9,1212.0,1704,25.108277,121.8432597
7,台北老爺大酒店,中山區,8.8,2709.0,3030,25.053857,121.52291
8,國聯大飯店,大安區,8.2,10798.0,2187,25.0421642,121.5573132
9,白色教堂2-7人房,中正區,6.0,3.0,1146,25.0293008,121.5205833
10,德立莊酒店,西門町,8.1,27230.0,2338,25.0427142,121.5094583
11,怡品商旅,大安區,8.7,8069.0,2634,25.0417914,121.5476923
12,阿樹國際旅店,松山區,8.8,4443.0,2771,25.0478562,121.552773
13,雅堤旅居,新店區,7.3,665.0,1667,24.9856026,121.5521446
14,富驛時尚酒店 - 台北南京東路館,中山區,8.2,7202.0,1745,25.0524177,121.5407397
15,JR東日本大飯店 台北,中山區,9.1,266.0,5714,25.0523025,121.5413286
16,南港老爺行旅,南港區,8.9,1983.0,3273,25.0598488,121.6147317
17,台北天成大飯店,中正區,8.4,10811.0,2663,25.0463786,121.5182543
18,台北西華飯店,松山區,8.7,5714.0,6717,25.0581546,121.5457865
19,台北北門世民酒店,西門町,8.8,12968.0,2000,25.0473607,121.5104759
20,水旅宿輕旅,淡水區,10.0,2.0,1667,25.0954229,121.3575441
21,台北美侖大飯店,大安區,8.5,11453.0,2766,25.0342784,121.5439044
22,捷絲旅 - 西門町館,西門町,8.6,7946.0,2999,25.0450456,121.5095859
23,101景觀2-7人房,中正區,10.0,1.0,1321,25.0293008,121.5205833
24,洛碁大飯店建北館,中山區,8.3,4322.0,1449,25.0510991,121.5363814
25,大安區公寓套房 - 42平方公尺,大安區,9.3,4.0,3174,25.0263074,121.543846
26,白宮行館沙灘溫泉渡假村,萬里區,8.2,1161.0,5211,25.180982,121.690249
27,老爺會館台北南西 - 捷運中山站,中山區,8.5,4245.0,2203,25.0525861,121.5217131
28,文山區的1臥室公寓 - 20平方公尺,文山區,9.4,19.0,874,24.9880072,121.5752716
29,洛碁大飯店松山館,南港區,8.6,3995.0,1748,25.0452392,121.5836913
30,洛碁大飯店南港館,南港區,8.6,5410.0,1920,25.0523235,121.6115205
31,大安區公寓套房 - 42平方公尺,大安區,9.4,7.0,2625,25.0263074,121.543846
32,凱旋酒店,內湖區,8.9,4083.0,2444,25.0775343,121.5780231
33,淡水將捷金鬱金香酒店,淡水區,8.8,1714.0,3870,25.1771061,121.429607
34,松山區的1臥室公寓 - 45平方公尺,松山區,10.0,1.0,1209,25.0601727,121.5593073
35,傑仕堡有氧酒店,板橋區,9.1,1461.0,2708,25.0176689,121.4694143
36,金普頓大安酒店,大安區,9.2,1508.0,4183,25.0404303,121.5454438
37,北投春天溫泉酒店,北投區,7.7,2398.0,4519,25.137598,121.513561
38,天閣酒店 - 復興店,松山區,8.9,2354.0,2385,25.0537597,121.544289
39,戀人旅居,淡水區,9.6,48.0,2000,25.0263074,121.543846
40,洛碁大飯店忠孝館,大安區,8.8,6976.0,1718,25.0409686,121.5515016
41,台北萬豪酒店,中山區,8.6,1031.0,5000,25.0805034,121.5589681
42,波比小屋,淡水區,9.7,32.0,1905,25.0601727,121.5593073
43,富信大飯店 - 台北旗艦館,汐止區,8.5,3300.0,3178,25.0548573,121.631371
44,台北新板希爾頓酒店,板橋區,8.7,2269.0,5800,25.0113092,121.4624908
45,大安區公寓套房 - 42平方公尺,大安區,10.0,1.0,2447,25.0263075,121.543846
46,美亞商旅,中正區,8.4,6257.0,2700,25.046222,121.51583
47,台北國泰萬怡酒店,中山區,9.1,2054.0,5550,25.0574608,121.5375542
48,大安區公寓套房 - 42平方公尺,大安區,9.2,11.0,2688,25.0263074,121.543846
49,洛碁大飯店中華館,西門町,8.3,10624.0,1278,25.044924,121.509441
50,老爺會館台北林森 - 華山1914文化創意產業園區,中山區,8.5,3140.0,1972,25.0496333,121.5248752
51,大安區公寓套房 - 49平方公尺,大安區,10.0,1.0,2436,25.0329774,121.5388361
52,西門日記旅店,西門町,8.0,4425.0,1778,25.044676,121.5085675
53,承億文旅淡水吹風,淡水區,8.1,4933.0,1905,25.1816811,121.4214621
54,西門町公寓套房 - 35平方公尺,西門町,7.4,4.0,2682,25.0428958,121.5047051
55,新驛旅店復興北路店,中山區,9.1,7618.0,3463,25.0595527,121.5439204
56,初見輕旅,西門町,8.2,833.0,1265,25.0483329,121.5078437
57,富信大飯店二館,汐止區,8.4,2288.0,1806,25.055428,121.632019
58,台北花園大酒店,中正區,8.4,6239.0,3333,25.0364701,121.5069231
59,Sea Cafe九份金瓜石景觀民宿,九份,8.8,393.0,2417,25.1194997,121.8610084
60,首都大飯店松山館,松山區,8.2,5492.0,2630,25.0498246,121.5756566
61,圓山大飯店,中山區,8.5,6431.0,2995,25.0789127,121.5265198
62,格拉斯麗台北飯店,中正區,9.3,355.0,2537,25.0431061,121.5306983
63,陽光味宿,九份,8.7,1269.0,2147,25.110626,121.8423355
64,F Hotel 台北蘆洲館,蘆洲區,8.7,1450.0,1675,25.0812169,121.4800645
65,沐舍溫泉渡假酒店,萬里區,7.5,1842.0,3377,25.215316,121.643378
66,沃田旅店,士林區,8.6,3453.0,2396,25.1229244,121.531812
67,北投嘉賓閣溫泉會館,北投區,7.7,1279.0,2423,25.1358795,121.5059957
68,台北福華大飯店,大安區,8.2,5104.0,3100,25.0375846,121.5431747
69,陽明山天籟度假酒店,金山區,8.0,3626.0,8184,25.2019363,121.5954122
70,臺北中山九昱希爾頓逸林酒店,中山區,9.1,980.0,5327,25.0513881,121.5228118
71,天閣酒店台北士林,士林區,9.1,1236.0,2829,25.0827683,121.5241899
72,天成文旅-華山町,中正區,8.9,2766.0,2987,25.0432362,121.5304253
73,麗之湯溫泉會館,北投區,7.7,1892.0,2221,25.136152,121.5139602
74,和逸飯店‧台北民生館,中山區,8.6,1705.0,2700,25.057681,121.5361998
75,洛碁大飯店舞衣南京館,中山區,8.6,3713.0,1261,25.052255,121.535989
76,翰品酒店 新莊,新莊區,8.6,2235.0,1637,25.0377619,121.457766
77,趣旅館 - 林森館,中山區,8.5,12645.0,1431,25.0613353,121.5266088
78,谷墨商旅,大安區,8.3,5859.0,1974,25.026662,121.530904
79,歐悅國際連鎖精品旅館-林口館,林口區,8.2,3328.0,2101,25.0812714,121.3744691
80,樂居·微風,中山區,8.9,1652.0,1803,25.0575812,121.5236968
81,凱統大飯店,大安區,8.0,4313.0,1711,25.0418865,121.5335038
82,Hotel PaPa Whale,西門町,8.4,18419.0,1886,25.046758,121.5058059
83,和逸飯店‧台北忠孝館,中正區,8.8,1730.0,2900,25.0445459,121.5253296
84,城市商旅站前館,中正區,8.6,3834.0,1557,25.0511033,121.512159
85,陽明山家新溫泉和升會館,金山區,8.3,229.0,4312,25.205473,121.597041
86,大板根森林溫泉酒店,三峽區,8.4,2235.0,7775,24.8710734,121.4073177
87,小公館人文旅舍,松山區,9.0,1972.0,2010,25.0515551,121.5696835
88,H&九份山經海景民宿,九份,8.1,1407.0,2030,25.1067883,121.8420417
89,喜瑞飯店,中山區,8.7,5132.0,2461,25.0478929,121.5293787
90,新加州景觀旅館,新店區,8.2,1790.0,1917,24.9587971,121.5373921
91,薇閣精品旅館 - 大直旗艦館,中山區,8.3,3055.0,2429,25.0835911,121.5557324
92,晶贊都會旅店台北永和,永和區,8.8,6222.0,2261,25.0128589,121.5153639
93,燦路都飯店,中山區,8.4,2494.0,1818,25.0629459,121.5233055
94,泊客青旅,中正區,7.1,1761.0,630,25.0454867,121.5174126
95,北投輕行旅,北投區,8.4,4801.0,1810,25.1379307,121.4859403
96,山樂溫泉,北投區,7.5,3797.0,1898,25.1378753,121.5039217
97,慕軒飯店,大安區,8.8,1400.0,3716,25.0340076,121.5492953
98,藝宿商旅台北寧夏館,中正區,8.0,5248.0,1156,25.0533771,121.5140612
99,台北士林萬麗酒店,士林區,8.7,620.0,6000,25.0931789,121.5291918
100,你好咖啡旅店,大安區,8.8,1790.0,1784,25.0338897,121.5422477
101,沃旅,信義區,8.6,329.0,1368,25.04167,121.5672677
102,丹迪旅店 大安森林公園店,大安區,8.9,5586.0,2812,25.0337761,121.5346933
103,仲信商務會館,新店區,7.2,1161.0,1650,24.9822832,121.5427548
104,方舟旅店 - 長安復興館,中山區,8.3,4369.0,2445,25.048105,121.5431755
105,柯達大飯店 - 台北長安,中山區,9.0,1879.0,2244,25.0485773,121.5332234
106,台北東旅,松山區,8.7,3468.0,2266,25.051811,121.560413
107,悠逸商旅 - 台北士林館,士林區,8.8,3987.0,1922,25.0896401,121.5182454
108,臺北摩莎精品旅店,中正區,8.2,17369.0,1075,25.0456265,121.5128105
109,享溫泉,北投區,8.2,990.0,4312,25.1363715,121.5089206
110,新驛旅店台北車站二館,中正區,8.8,3996.0,2132,25.0510831,121.5166054
111,松哖酒店,大安區,8.5,1634.0,3030,25.0378259,121.5335349
112,新驛旅店台北車站三館,中正區,8.8,5684.0,2157,25.0486463,121.5155022
113,大安公園旅店,中正區,8.3,3856.0,924,25.033849,121.5319435
114,華山文旅,中正區,8.1,2105.0,1891,25.0442097,121.5304393
115,鳳凰閣溫泉飯店,北投區,8.3,2117.0,2947,25.1361329,121.5105003
116,丰居旅店-忠孝館,大安區,8.4,2258.0,2206,25.0433292,121.5430572
117,華泰王子大飯店,中山區,8.1,1819.0,2933,25.0578283,121.5257565
118,樂頤飯店-蘆洲台北,蘆洲區,8.8,2740.0,1857,25.0820839,121.4799862
119,大埔硫磺溫泉商旅,萬里區,8.5,1378.0,2424,25.2158716,121.6432855
120,旅樂序精品旅館站前一館,中正區,8.4,3410.0,1823,25.045922,121.514758
121,太平洋商旅,信義區,8.4,3789.0,2745,25.0323712,121.5579784
122,美麗殿商旅-板橋館,板橋區,8.0,6010.0,1548,25.00926,121.4579682
123,洛碁大飯店山水閣,中山區,8.1,2260.0,1410,25.0633004,121.5227476
124,新驛旅店台北車站一館,中正區,8.6,2658.0,1741,25.0462145,121.5143012
125,碧潭飯店,新店區,7.5,2674.0,1473,24.9580865,121.5342261
126,蒲園飯店,松山區,8.7,1685.0,2284,25.0486362,121.5634139
127,神旺大飯店,大安區,8.1,1454.0,2511,25.0412444,121.5508965
128,國王大飯店,中山區,7.7,593.0,1233,25.0517727,121.5266896
129,馥都飯店,板橋區,8.9,3966.0,2275,25.0076217,121.4582824
130,沃客汽車旅館,北投區,8.0,3527.0,2204,25.1157388,121.5066943
131,品川商旅,板橋區,8.0,4007.0,1570,25.0076294,121.4616316
132,帝景飯店,新店區,7.8,2302.0,1850,24.9574547,121.5343202
133,台北西門町意舍,西門町,8.6,5277.0,1350,25.0451762,121.5056699
134,家賓旅店,文山區,8.2,1239.0,1195,24.991714,121.5412059
135,城市商旅 - 北門館,大同區,8.4,2471.0,1726,25.0521438,121.5107958
136,葛瑞絲商旅,中和區,8.8,3245.0,1722,25.0027387,121.498935
137,漁人碼頭休閒旅館,淡水區,8.2,1908.0,1714,25.1816518,121.4206455
138,林口亞昕福朋喜來登酒店,林口區,8.7,371.0,3800,25.0663383,121.3608515
139,南陽街壹號旅店,中正區,8.6,6043.0,1241,25.0457442,121.5161826
140,米尼旅店,中正區,8.9,5019.0,1229,25.046091,121.5190007
141,凡登台北商務旅店,大安區,7.7,6267.0,917,25.0417335,121.551828
142,台糖台北會館,西門町,8.1,2007.0,2431,25.045373,121.5095327
143,帥客旅店,中正區,7.7,3460.0,1612,25.0300212,121.5196306
144,成旅晶贊飯店 - 台北蘆洲,蘆洲區,8.8,6559.0,1999,25.0804786,121.4804555
145,悠趣旅店,松山區,8.6,4062.0,2143,25.0483319,121.5448361
146,文舺行旅,萬華區,8.8,962.0,1901,25.0375647,121.4997211
147,York Hotel,中正區,8.2,5043.0,1788,25.045002,121.516184
148,城市商旅 - 南東館防疫旅館,松山區,8.3,4092.0,3821,25.0515537,121.5700485
149,西門航棧商旅,西門町,8.5,2166.0,1705,25.0431947,121.5080377
150,台北喜來登大飯店,中正區,8.4,1343.0,4000,25.0446151,121.5220189
151,富裕自由商旅 - 忠孝館,大安區,8.1,7135.0,3179,25.0416684,121.5537839
152,西門日記 - 六福館,西門町,7.7,8056.0,983,25.0456583,121.5057944
153,印石時尚旅館,文山區,7.9,293.0,2455,24.9923011,121.5754939
154,安盛商務旅館,新店區,8.7,599.0,1971,24.981741,121.5385
155,挪威森林頂級Villa汽車旅館,板橋區,8.0,884.0,1853,24.9931599,121.4604214
156,美麗殿精品旅館 - 中和館,中和區,8.2,1150.0,2250,25.0062459,121.4880015
157,艾爾行旅,大安區,8.5,1643.0,1885,25.0417757,121.5476808
158,正旅館 - 信義館,信義區,8.7,2729.0,2061,25.0422061,121.5648585
159,台北北城大飯店,中山區,7.9,557.0,1498,25.0548028,121.5413139
160,群策翡翠灣溫泉飯店,萬里區,8.5,829.0,3101,25.1912526,121.6839901
161,路境行旅,中正區,8.7,9224.0,1809,25.0431277,121.5130411
162,漫映旅舍,中山區,8.3,1054.0,1345,25.0515797,121.5299273
163,囍閱文旅,西門町,8.8,1162.0,1593,25.0407719,121.506922
164,雅璞文旅,中正區,8.7,5105.0,1395,25.0458037,121.5147078
165,情人溫泉民宿,烏來區,8.9,208.0,1978,24.86,121.5516667
166,沐蘭精品旅館 - 台北館,中山區,7.7,1474.0,2525,25.080895,121.5618219
167,正點商務旅店,板橋區,7.7,1204.0,1532,25.0135059,121.4605372
168,香奈爾精品汽車旅館-新莊館,新莊區,8.5,2569.0,1455,25.0286275,121.4336199
169,睡覺盒子青年旅館,中正區,7.7,5557.0,585,25.042221,121.512555
170,台北北門窩泊旅,中正區,8.5,4553.0,935,25.052234,121.5155
171,Wa Hotel,中山區,9.0,637.0,1029,25.0407719,121.506922
172,思泊客台北101,信義區,8.3,1632.0,2963,25.0325445,121.5632958
173,府中棧精品商旅,板橋區,8.0,1229.0,1925,25.0094657,121.4597832
174,薇閣精品旅館 林森館,中山區,8.3,763.0,3636,25.0605452,121.5263559
175,茄子青旅,松山區,8.4,4673.0,972,25.0519297,121.5606949
176,天母貴族商務旅館,士林區,7.9,1205.0,1392,25.1092237,121.5311952
177,單人房住宿空間 台北館,板橋區,8.5,6491.0,1107,25.0104773,121.4589682
178,甲山林湯旅,中山區,8.5,791.0,3876,25.0559371,121.5398169
179,歐華酒店,中山區,8.5,875.0,2443,25.0681347,121.5255362
180,天方夜譚,九份,8.3,629.0,1558,25.1097525,121.8441885
181,雅歌會館,淡水區,7.9,593.0,1726,25.168949,121.448014
182,慕居行旅,信義區,8.7,2270.0,2494,25.0319174,121.5585799
183,台灣青旅膠囊旅店,中正區,9.1,4821.0,1247,25.0450428,121.5177535
184,西悠飯店,大同區,8.5,4144.0,699,25.0569457,121.5160994
185,帝苑時尚旅店,板橋區,7.9,2689.0,1384,25.0203387,121.4666318
186,歐遊國際連鎖精品旅館 - 新莊館,新莊區,8.3,1844.0,2265,25.0592787,121.4604757
187,沃客商旅正義館,三重區,7.3,4622.0,1105,25.0603095,121.4982208
188,葳皇時尚飯店,大同區,8.3,3293.0,1691,25.059173,121.511687
189,柯達大飯店台北敦南,大安區,8.4,1888.0,2182,25.0210301,121.5482485
190,士林讚,士林區,7.8,1170.0,1558,25.0954676,121.5257718
191,挪威森林精品SPA汽車旅館,新店區,7.9,1044.0,2060,24.9812092,121.550669
192,麗都飯店,大安區,8.5,1936.0,2384,25.0337878,121.5337333
193,詩漫精品旅館 - 站前館,中正區,8.3,5950.0,1299,25.0457831,121.5148402
194,凡登 東棧商務旅店,大安區,8.0,2671.0,1980,25.041744,121.55213
195,山水妍溫泉會館,烏來區,7.3,1828.0,4435,24.8604123,121.5491535
196,睡臺北時尚旅店-南雅夜市館,板橋區,7.7,2008.0,1315,25.0067101,121.456094
197,金帥飯店,西門町,7.1,3595.0,942,25.0426126,121.5046471
198,沃客商旅成功館,三重區,7.9,2750.0,1160,25.0517786,121.4881353
199,福爾摩莎101青年旅館,信義區,8.5,2715.0,1221,25.0287151,121.5571823
200,愛行旅,中山區,8.4,1443.0,1038,25.057708,121.52216
201,台北清翼居旅店,板橋區,8.2,2358.0,1545,25.007151,121.460652
202,儷閣別墅旅館,中和區,8.0,828.0,1642,24.9811586,121.4848212
203,黑熊好眠站旅館 - 台北橋站,三重區,8.7,9266.0,523,25.063051,121.499599
204,愛玩客旅店-西門町館,西門町,8.4,3754.0,1379,25.0458998,121.5067394
205,和昌商旅・淡水館,淡水區,7.5,1605.0,1130,25.1805334,121.421497
206,基河青旅,士林區,8.4,388.0,1472,25.0517786,121.4881353
207,大稻埕花園旅店,大同區,8.5,519.0,3261,25.0622092,121.5091733
208,峻美精品商旅,中山區,7.8,700.0,1247,25.0548084,121.526107
209,探索汽車旅館 - 中和店,中和區,7.9,1954.0,1757,24.9991274,121.4859765
210,真的好晶漾會館,新莊區,7.6,777.0,1302,25.0533489,121.4514879
211,士林公寓,士林區,7.7,1577.0,1598,25.091176,121.5246019
212,西門好好玩,西門町,7.7,11046.0,964,25.045689,121.5058549
213,絹絲谷,士林區,8.6,273.0,5377,25.1360385,121.5711731
214,富康精采旅店,板橋區,8.1,778.0,1808,25.0274848,121.4703105
215,白沙啾啾,石門區,8.5,324.0,2571,25.28389,121.5209939
216,天津大飯店,中山區,7.5,1136.0,857,25.0510489,121.523416
217,復新文旅,中山區,8.0,2086.0,1833,25.0587858,121.5439493
218,鼎帥溫泉旅館,金山區,8.1,448.0,2615,25.2181293,121.6371624
219,百麗旅店,板橋區,7.6,1329.0,1885,25.0085375,121.4575436
220,挪威森林森森休閒旅館,淡水區,7.9,1528.0,2077,25.1547463,121.4612896
221,吉泰旅店,士林區,8.7,320.0,2510,25.091083,121.5256014
222,新莊幸福讚精品飯店,新莊區,8.5,1663.0,1546,25.051142,121.4610959
223,烏來驛站,烏來區,7.1,566.0,2249,24.864248,121.54817
224,悅池精品旅館,中和區,7.6,312.0,3531,25.0097841,121.4832856
225,台北圓環棧,中正區,8.4,1311.0,818,25.0525583,121.5131134
226,寧夏2號旅店,大同區,8.6,2109.0,1621,25.0543891,121.5146902
227,仲信大湖商旅,內湖區,7.9,1092.0,1775,25.0844616,121.5998564
228,友友飯店,中山區,7.7,604.0,1987,25.0547886,121.5241663
229,香城大飯店松山店,松山區,7.7,771.0,1603,25.049563,121.5742103
230,內江商旅,西門町,7.9,2524.0,1655,25.0415948,121.5058735
231,長春商務旅館,松山區,7.7,499.0,1855,25.0540939,121.5455422
232,日光拾玖,中正區,8.9,2539.0,3176,25.0459161,121.5159819
233,東門旅店,中正區,8.1,1537.0,1464,25.0345085,121.5277939
234,皇家玫瑰旅館新生館,大安區,8.5,684.0,2887,25.0408219,121.5359411
235,幸福圓點,淡水區,9.2,540.0,1732,25.169927,121.44448
236,函舍商務旅店,西門町,7.6,1969.0,1169,25.042837,121.505239
237,玫瑰精品旅館雙城館,中山區,8.5,1042.0,2999,25.0657725,121.523684
238,HATAGO+ THE ALLEY,西門町,8.8,803.0,1232,25.0451781,121.5098615
239,品格子旅店北車館,中正區,8.1,3663.0,999,25.0454867,121.5174126
240,泊居旅店二館,中山區,8.1,356.0,1525,25.0500246,121.5246795
241,美代溫泉飯店,北投區,8.2,36.0,3257,25.1372222,121.5108333
242,璞石麗緻溫泉會館,烏來區,8.0,1466.0,6732,24.8717052,121.5475509
243,台北天晴青年旅店,中正區,9.3,2902.0,2065,25.042667,121.513943
244,私客創旅,鶯歌區,8.7,298.0,2667,24.9509663,121.3476224
245,WORK INN 北車館,中正區,8.3,4963.0,999,25.0454867,121.5174126
246,仙渡莊旅社,北投區,8.1,200.0,1070,25.1236857,121.465831
247,富裕自由旅店 - 三重正義館,三重區,7.7,694.0,1845,25.0618893,121.4976944
248,伊倫商務旅館,中山區,7.2,632.0,1473,25.0527962,121.5341346
249,旅城驛鎮,中山區,9.6,143.0,2407,25.0508523,121.5332418
250,摩莎曼拉精品旅館 - 台北車站館,中正區,8.2,7359.0,909,25.046165,121.5129183
251,甄美精品商旅,中山區,7.9,1427.0,1358,25.054437,121.52609
252,富裕自由旅店 - 林森館,中山區,8.1,2207.0,1339,25.0496738,121.525809
253,五月家國際青年旅舍,南港區,8.3,1019.0,1255,25.0454867,121.5174126
254,好得文旅,中山區,9.0,989.0,3058,25.0523055,121.5284519
255,馥俐商旅二館,板橋區,7.7,800.0,1554,25.0089911,121.4578486
256,首府旅館,板橋區,7.9,984.0,1447,25.007428,121.462391
257,東龍大飯店,西門町,7.8,2350.0,3109,25.0456388,121.5079174
258,密都飯店,中山區,7.4,1228.0,741,25.054569,121.538343
259,雀爾喜精品旅館,大同區,7.5,2826.0,1623,25.053927,121.513958
260,清翼居采風館,中正區,8.5,4196.0,2345,25.0452279,121.5160223
261,千彩格精品旅店,中山區,8.2,1595.0,1227,25.0557593,121.5252552
262,艾蔓精緻旅館 - 土城館,土城區,7.7,248.0,2338,24.9775939,121.4379778
263,友統大飯店,大安區,8.1,710.0,1411,25.0417049,121.5516539
264,九份多桑的店民宿,九份,8.9,992.0,1398,25.1080571,121.8459274
265,客來思樂,大安區,7.6,211.0,1500,25.0193809,121.52993
266,九份多桑的店民宿,九份,8.9,992.0,1308,25.1080571,121.8459274
267,客來思樂,大安區,7.6,211.0,1500,25.0193809,121.52993
268,瘋台北青旅,西門町,7.8,2951.0,599,25.0452279,121.5160223
269,宜家商旅,內湖區,8.4,3138.0,2014,25.074194,121.589654
270,九份山旅,九份,7.8,2129.0,962,25.1092112,121.848791
271,香城豪悅大飯店,中山區,7.9,895.0,1427,25.0508619,121.5344029
272,陽明溫泉渡假村,士林區,8.3,540.0,5005,25.1538972,121.5579029
273,旅晨行旅,中正區,8.1,2645.0,1048,25.0468581,121.5133962
274,台北蘆洲集賢商旅,蘆洲區,8.0,1218.0,1350,25.0832081,121.4805267
275,延三居,大同區,7.9,300.0,464,23.4857501,120.0843006
276,台北薇米商旅,三重區,7.4,1186.0,1467,25.0619151,121.4973823
277,warehouse no.5,西門町,7.2,2.0,1611,25.0411752,121.5076621
278,綠映旅舍,三重區,7.7,906.0,1224,25.064316,121.4971153
279,愛客發時尚旅館 - 萬年館,西門町,7.8,8722.0,2165,25.043488,121.505978
280,樂玩旅,士林區,8.7,564.0,1558,25.0876936,121.5256255
281,柯達大飯店台北一店,中山區,8.5,1286.0,4143,25.0528412,121.5231758
282,九窩 - 九份膠囊旅店,九份,9.2,758.0,2494,25.1086881,121.8452089
283,品格子旅店 - 西門館,西門町,7.8,2976.0,998,25.0458147,121.5066656
284,豪爵大飯店台北館,中山區,7.8,639.0,1732,25.0650638,121.5316612
285,天使青旅 台北西門,中正區,8.0,3730.0,935,25.0426101,121.5120391
286,北國之春,鶯歌區,7.7,142.0,1796,24.9628895,121.3340648
287,玫瑰山城,九份,8.5,411.0,2906,25.1212762,121.8612606
288,碩美精品旅店,中山區,8.4,1066.0,1539,25.0555095,121.5254245
289,明月溫泉,烏來區,8.3,2071.0,5228,24.8639949,121.5519345
290,雨天晴民宿,九份,8.0,654.0,1645,25.1073352,121.8468433
291,途中台北國際青年旅舍,北投區,8.9,1785.0,1201,25.13297,121.500623
292,台北發現青旅,中山區,9.0,1609.0,1169,25.0629113,121.5290786
293,台北旅坊,中山區,8.5,223.0,1766,25.0507638,121.5334
294,M Bar House,九份,8.9,670.0,1541,25.1093115,121.8441604
295,儷夏商旅 - 西門捷運館,西門町,8.5,1512.0,1299,25.0446918,121.5085654
296,艾特文旅西門町,西門町,8.6,2091.0,1177,25.0454154,121.503584
297,金瓜石101民宿,九份,9.2,441.0,2338,25.108961,121.8601046
298,金色年代旅店,板橋區,7.8,1640.0,1455,25.0066034,121.4615867
299,YMCA台北青年國際旅館,中正區,8.3,3322.0,2046,25.0456948,121.5166068
300,東皇渡假旅店,北投區,6.9,565.0,1466,25.1361021,121.5107283
301,皇家玫瑰旅館林森館,中山區,8.1,628.0,2648,25.0507638,121.5334
302,神隱國度,九份,9.0,511.0,1602,25.1072843,121.8456756
303,台北旅人國際青年旅館,淡水區,8.8,906.0,1097,25.17168,121.4390157
304,卡夫人背包客棧 台北車站青年館,中正區,8.6,2251.0,952,25.0446517,121.514883
305,儷夏商旅 - 西門町西寧館,西門町,8.4,1210.0,1126,25.0458092,121.5066039
306,璞邸城市膠囊旅店,中正區,8.9,5931.0,1175,25.046384,121.5133454
307,皇品時尚旅店,板橋區,7.9,1427.0,1248,25.0093235,121.4624373
308,錦棧旅店,中山區,8.4,1533.0,2133,25.0600171,121.5257839
309,皇后旅店2館,大同區,8.2,2357.0,1455,25.0544644,121.5130925
310,魚旅背包客棧,鶯歌區,8.8,374.0,1558,24.954145,121.355595
311,旅莊Urhome,中山區,8.2,441.0,2061,25.0505184,121.5237116
312,九份閒情民宿,九份,8.9,457.0,2182,25.1087822,121.8446301
313,西門大可居青年旅館,萬華區,7.8,4779.0,1103,25.0357924,121.5033016
314,西門大可居青年旅館,萬華區,7.8,4779.0,1103,25.0357924,121.5033016
315,慶爾喜旅館長沙館,西門町,7.2,3391.0,711,25.0407719,121.506922
316,文林居,士林區,7.5,434.0,1616,25.096185,121.52705
317,柔美精品商旅,中山區,8.1,1965.0,2281,25.0544248,121.5359505
318,晶城青年旅館,大同區,8.1,4241.0,651,25.053927,121.513958
319,久居棧旅店,大同區,8.2,2039.0,1206,25.0625183,121.5115003
320,森浩文旅-STEP INN,松山區,7.4,13.0,1374,25.0507157,121.5641792
321,喬合大飯店,大安區,7.8,1350.0,966,25.0427382,121.5435594
322,烏來輕井澤溫泉旅館,烏來區,7.2,255.0,3359,24.8647349,121.5516612
323,台北金莎旗艦精品旅館,三峽區,7.7,188.0,2375,24.944767,121.378846
324,溪隱之宿,平溪區,8.5,309.0,2120,25.0250422,121.7378541
325,幸福蘋果旅店,西門町,8.6,423.0,2147,25.044275,121.504104
326,四季山妍溫泉會館,烏來區,7.3,778.0,3209,24.859264,121.5483032
327,火車頭民宿,淡水區,9.1,213.0,1558,25.1693908,121.4437475
328,一等好旅店,松山區,7.9,298.0,1299,25.049617,121.574009
329,士林厝,士林區,8.3,977.0,1557,25.0901637,121.5235717
330,Dan hostel,西門町,9.0,1499.0,2597,25.0413648,121.5066425
331,T.O.Hotel-北車館,中正區,8.9,1074.0,2104,25.0448234,121.5137955
332,清芳民宿 - 瑞芳車站,九份,8.1,1525.0,597,25.1072753,121.8054856
333,橋頭居,大同區,8.6,87.0,1105,25.0649699,121.5139119
334,紫園旅店,大同區,7.9,1011.0,1385,25.0505909,121.520036
335,正 旅館,中正區,8.4,4018.0,1358,25.0468926,121.5134161
336,采舍精品旅館,中山區,8.3,571.0,1364,25.0647084,121.5268758
337,EN INN,淡水區,9.0,270.0,1947,25.096323,121.4976335
338,天馬旅宿,九份,9.1,277.0,1942,25.1080877,121.8555182
339,九份金瓜石樹屋137,九份,9.4,65.0,4329,25.1132245,121.8537162
340,貝斯特旅店,松山區,7.6,667.0,1039,25.049854,121.575518
341,瑞芳老街-嫚嫚窩民宿,瑞芳區,8.8,536.0,1299,25.1094121,121.8083253
342,台北109青旅,中正區,9.0,921.0,1835,25.0460472,121.5111933
343,龍山商旅,萬華區,8.1,760.0,1442,25.0376245,121.4998594
344,意芙旅店,大同區,8.3,635.0,1022,25.0591972,121.5115583
345,路徒Plus行旅-站前館,中正區,9.1,84.0,3958,25.0468664,121.5137659
346,璞漣商旅 - 台北車站店,中正區,8.1,2761.0,2369,25.05015,121.515562
347,友徠精品旅館,南港區,7.0,359.0,2147,25.0561914,121.596505
348,九份貓窩,九份,9.1,997.0,1419,25.1090719,121.845595
349,西門大飯店 - A館,西門町,7.9,3459.0,329,25.045564,121.508804
350,Triple Tiger Hostel,西門町,8.5,1227.0,1154,25.0436963,121.5045402
351,紅菱閣旅店,西門町,8.2,850.0,1108,25.044105,121.5041129
352,長富時尚旅店,中山區,8.5,2498.0,1733,25.0548164,121.5259876
353,和風小築,九份,8.8,588.0,1391,25.1096651,121.8455672
354,想住就住民宿,九份,9.2,35.0,1818,25.1100805,121.8454923
355,溪隱之宿,平溪區,8.6,13.0,2165,25.0250422,121.7378541
356,尚印2館,中山區,8.5,86.0,2196,25.0573631,121.5230488
357,怡美賓館,金山區,6.7,162.0,1039,25.2208659,121.6412429
358,少爺時尚旅館,汐止區,7.7,252.0,1818,25.0586755,121.662115
359,迪樂商旅,大同區,6.9,723.0,1465,25.0528652,121.5119681
360,西門大飯店 - B館,西門町,7.9,1071.0,346,25.045564,121.508804
361,曲水會館,北投區,8.0,3.0,4571,25.1364634,121.5120578
362,悅喜商務飯店,板橋區,7.7,572.0,1945,25.0085193,121.4581172
363,欣欣時尚旅店 - 松山館,松山區,7.5,1419.0,1873,25.0503697,121.5703383
364,琚九屋,九份,8.7,392.0,1259,25.1091685,121.8439923
365,輕便露民宿,九份,8.8,103.0,2320,25.11061,121.845314
366,力歐時尚旅店 - 西門館,西門町,7.2,1406.0,1629,25.0436132,121.5040761
367,東驛商務旅館,西門町,7.7,2729.0,1617,25.044623,121.505864
368,謙匯普樂室行旅 - 世貿信義館,信義區,8.0,2148.0,2790,25.03327,121.5731182
369,九份高媽媽民宿,九份,9.1,519.0,1212,25.1098652,121.8457151
370,三和旅舍,三重區,7.6,229.0,823,25.067649,121.5006476
371,力歐時尚旅館站前館,西門町,6.9,1490.0,1343,25.044956,121.5075057
372,臺北天禾旅店,西門町,8.0,7153.0,1919,25.042657,121.5079953
373,千慧商務旅館,大同區,8.2,632.0,1385,25.0525722,121.5200944
374,極品旅館,新莊區,6.0,253.0,1109,25.03261,121.442574
375,我們的家187,九份,9.0,184.0,2494,25.1123778,121.8511417
376,101景觀2-7人房,大同區,,,1404,25.0645027,121.5133148
377,泊居旅店,中山區,8.0,1929.0,2016,25.052816,121.5250085
378,淡築憩水民宿,淡水區,8.3,89.0,1190,25.1717472,121.44615
379,T.O. Hotel 承德館,大同區,8.2,962.0,1533,25.0557321,121.5179825
380,途中九份國際青年旅舍,九份,8.7,1133.0,1716,25.1090724,121.8456077
381,雅都旅社,板橋區,5.8,248.0,1109,25.0079389,121.4560053
382,水都温泉會館,北投區,6.8,1492.0,2940,25.1365721,121.5080476
383,井上天花,九份,9.1,519.0,1039,25.1068232,121.8101336
384,九份望琴海民宿,九份,8.2,64.0,2091,25.1075033,121.8462924
385,Gugis Inn,西門町,7.5,307.0,1003,25.042735,121.5079902
386,大新商旅,中山區,7.7,514.0,1157,25.054569,121.538343
387,九份晴悅民宿,九份,8.4,525.0,1097,25.1098691,121.8455786
388,淡水愛遛遛民宿,淡水區,9.3,367.0,1565,25.1710775,121.4460065
389,淡水民宿-台北yes,淡水區,8.6,622.0,1558,25.1711226,121.4440044
390,宰相民宿,淡水區,7.7,258.0,1299,25.1715621,121.4455899
391,嘉家旅店,永和區,7.2,297.0,935,25.0075631,121.5172872
392,欣欣時尚旅店 - 西門館,西門町,7.6,674.0,1253,25.0470643,121.5058136
393,愛摩兒時尚旅舘,永和區,8.2,121.0,4113,25.0076959,121.5023643
394,日野苑,中正區,10.0,4.0,1563,25.054569,121.538343
395,三才靈芝農場民宿,石碇區,6.9,41.0,1481,25.013356,121.675031
396,旅行邦尼青年旅店,淡水區,8.7,683.0,2338,25.1710775,121.4460065
397,雪瓈花園汽車旅館,土城區,7.3,101.0,1368,24.9710831,121.437013
398,橙舍青旅 - 台北一館,西門町,7.7,1344.0,1063,25.0456904,121.5071045
399,利成同志精品旅館,松山區,8.2,734.0,1457,25.0511246,121.5681608
400,Happiness Bubble,淡水區,9.7,3.0,2234,25.0470643,121.5058136
401,忠孝敦化民宿,大安區,7.1,133.0,1589,25.0431007,121.5528064
402,九份緣憶民宿,九份,7.3,508.0,1096,25.1087772,121.845942
403,玩客棧Player Hostel,中山區,8.4,1197.0,833,25.052306,121.528452
404,Cama,文山區,9.2,4.0,1320,25.0143844,121.5379552
405,Place Inn Taipei,中山區,8.6,564.0,1684,25.0611284,121.5301432
406,甜蜜蜜旅館,板橋區,5.8,225.0,1219,25.0031998,121.4543511
407,金弘旅店,大同區,7.6,752.0,1164,25.0539034,121.5130144
408,喜園旅店,西門町,8.4,20.0,746,25.0446847,121.5086082
409,利未莊園民宿,九份,8.5,149.0,2597,25.1140547,121.853908
410,名爵汽車旅館,三重區,8.0,232.0,1524,25.0648205,121.4972706
411,探索汽車旅館 - 南港館,南港區,7.0,1653.0,2820,25.0555204,121.597128
412,慕朵微風汽車旅館,樹林區,7.9,73.0,1714,25.0143844,121.5379552
413,富粧商務旅店,西門町,7.5,796.0,1313,25.0458645,121.5031452
414,BlackRock Fashion Apartments,淡水區,6.0,36.0,685,25.1083347,121.4943045
415,九份愛琴海民宿,九份,8.4,340.0,1558,25.1095696,121.8438394
416,趣西門旅店,西門町,7.8,158.0,1732,25.044807,121.5062111
417,肯特商務飯店,三重區,7.8,413.0,1465,25.0511989,121.489017
418,豪贊旅店,西門町,7.8,589.0,1732,25.0470643,121.5058136
419,Goodscompany,西門町,7.6,373.0,1131,25.0447352,121.5062547
420,瑪奇文旅,文山區,8.4,1724.0,1507,24.9926576,121.54187
421,金色年代,板橋區,8.0,40.0,1531,25.0066034,121.4615867
422,106民宿,瑞芳區,9.1,140.0,1357,25.1098071,121.7929597
423,古山園旅社,萬華區,7.6,330.0,1039,25.0370761,121.4979554
424,美術行館民宿,三芝區,8.1,113.0,1732,25.2585922,121.5100866
425,美好時光民宿,九份,8.5,93.0,3577,25.107209,121.844947
426,九份岑品民宿,九份,9.0,433.0,2137,25.1082424,121.8459315
427,慶城商旅,三重區,7.0,399.0,1195,25.060497,121.4981532
428,小王子甜蜜會館,西門町,7.3,315.0,1565,25.0442343,121.5072709
429,花宅伍㭍民宿,九份,8.4,62.0,1801,25.1112344,121.8448328
430,億苑旅店,板橋區,7.3,1693.0,2292,25.009997,121.456428
431,A-HOME,九份,8.4,850.0,1543,25.10737,121.843875
432,九份柳園民宿,九份,8.6,989.0,2286,25.106866,121.841638
433,波麗士河堤景觀民宿,九份,8.6,362.0,1974,25.1072038,121.8110763
434,九份山嶼海親子民宿,九份,8.7,224.0,2251,25.1111923,121.8448644
435,愛九份民宿,九份,7.3,100.0,696,25.1093167,121.8447174
436,海霞您的家,貢寮區,6.9,17.0,2983,25.0531632,121.9251154
437,雲海雅筑,九份,9.0,203.0,1472,25.1087958,121.8448868
438,祈堂小巷,九份,8.5,130.0,2165,25.1092489,121.8585138
439,平溪皇宫民宿,平溪區,8.7,77.0,2165,25.0208268,121.7218596
440,五月家台大館,文山區,8.2,2193.0,1190,25.0104988,121.5370831
441,大安區公寓套房 - 25平方公尺,大安區,8.8,5.0,3834,25.0329574,121.5442273
442,九份施家景觀民宿,九份,8.2,159.0,1863,25.1085044,121.8440372
443,大安區公寓套房 - 42平方公尺,大安區,6.9,2.0,2484,25.0263075,121.543846
444,九份輝明民宿,九份,8.1,572.0,779,25.109874,121.844588
445,金瓜石藝棧景觀度假別墅,九份,8.2,56.0,4974,25.1154767,121.8543414
446,三芝虹橋民宿,三芝區,9.2,262.0,1818,25.247579,121.507388
447,良辰美瑾民宿,雙溪,8.8,201.0,2251,25.0283393,121.8334467
448,野柳海洋之家,萬里區,9.3,146.0,3048,25.2034841,121.6870027
449,中山區的1臥室公寓 - 15平方公尺,中山區,10.0,1.0,1540,25.0329574,121.5442273
450,大安區公寓套房 -  16平方公尺1間專用衛浴,大安區,9.7,4.0,3363,25.0263075,121.543846
451,玩客棧,中山區,,,1687,25.052306,121.528452
452,享來大飯店,淡水區,6.4,12.0,952,25.1704611,121.4417067
453,九份謝叔叔民宿,九份,9.0,259.0,1905,25.1105082,121.8440598
454,大安區公寓套房 - 42平方公尺,大安區,8.8,2.0,3556,25.0263075,121.543846
455,大安區公寓套房 - 42平方公尺,大安區,8.9,12.0,2904,25.0263074,121.543846
456,大安區公寓套房 - 42平方公尺,大安區,8.9,12.0,2904,25.0263075,121.543846
457,賞星月沐民宿,九份,8.2,433.0,1851,25.1095819,121.8432083
458,大安區的3臥室公寓 - 132平方公尺,大安區,7.2,3.0,5999,25.0263075,121.543846
459,信星青年旅館- 台北車站,中正區,9.4,9189.0,1407,25.0500815,121.5155797
460,位於萬華區的1臥室公寓-62平方米|帶1間專用衛浴 (Ximending 412 Tokyo樓中樓宅,西門町,,,2819,24.5563452,121.0787314
461,九份民宿山城溫度,九份,9.0,135.0,2930,25.106696,121.841493
462,酒內民宿,汐止區,9.7,147.0,3754,25.0453152,121.6211991
463,西門町作家居--家大不加價,西門町,9.4,9.0,2752,25.0428714,121.5063191
464,台北車站的1臥室公寓 - 80平方公尺,中正區,8.0,8.0,4390,25.0474428,121.5170955
465,望幽谷民宿,九份,8.4,172.0,1732,25.1095819,121.8432083
466,九份依棧,九份,6.2,45.0,2104,25.1097704,121.8450064
467,西門町有間書房 - 平價首選 旅行新感覺,西門町,9.4,5.0,2752,25.0437117,121.5053975
468,九份小喵喵海景民宿,九份,,,2775,25.1075239,121.8449898
469,長緹海景飯店,淡水區,7.8,1054.0,1517,25.1840401,121.4205398
470,九份的1臥室小屋 - 45平方公尺,九份,8.6,5.0,2461,25.1086958,121.8455635
471,雲山水小築,九份,9.3,25.0,2350,25.1150354,121.8540279
472,大安區公寓套房 - 22平方公尺,大安區,8.8,3.0,3816,25.0474428,121.5170955
473,大安區公寓套房 - 22平方公尺,大安區,9.2,4.0,3363,25.1095819,121.8432083
474,大安區公寓套房 - 25平方公尺,大安區,7.9,4.0,3790,25.0329574,121.5442273
475,大安區公寓套房 - 16平方公尺1間專用衛浴,大安區,9.2,2.0,3307,25.0263074,121.543846
476,松山區的2臥室公寓 - 82平方公尺,松山區,,,3714,25.0502756,121.5544732
477,小鳥敲門 Bird Villa,雙溪,9.4,29.0,3505,25.0415814,121.873563
478,西門町的1臥室公寓 - 30平方公尺,西門町,,,2678,25.0439307,121.5057726
479,台北敘美行旅,中正區,8.1,1702.0,1974,25.0429188,121.5130915
480,大安區公寓套房 - 16平方公尺1間專用衛浴,大安區,,,3214,25.0263074,121.543846
481,金瓜石雲山水小築民宿,九份,9.1,99.0,2165,25.1150354,121.8540279
